Folder,File,Tags,Snippet
"captura etapa 1","Captura de ecr? 2025-11-11 095320.png","etapa1;fpleme;entry","TIMING DE ETAPAL ENTRADA TIMING DE ENTRADA - ETAPA 1 Etapa1 AEtapa 1  um estilo de timing de entrada visualizado por meio da ferramenta FPLEME. Ela serve para identificar oportunidades de posicionamen"
"captura etapa 1","Captura de ecr? 2025-11-11 095330.png","etapa1;fpleme;entry","Visualizagao: + Etapa 1 Compradora:  considerada uma Etapa 1 compradora o momento em que a ferramenta sai da linha de -4,00 e consegue fechar um box que faz a linha do FPLEME alcancar o nvel 0,00. "
"captura etapa 1","Captura de ecr? 2025-11-11 095336.png","etapa1;entry","TIMING DE ENTRADA - ETAPA 1 Quando isso acontece, existe um atalho visual que indica que a Etapa 1 ocorreu. Esse atalho  representado por um Post-it retangular verde destacado. "
"captura etapa 1","Captura de ecr? 2025-11-11 095341.png","etapa1;shark","O Post-it  exibido em verde destacado porque, alm da Etapa 1 ter ocorrido, o Shark tambm j estava azul. Veja "
"captura etapa 1","Captura de ecr? 2025-11-11 095349.png","etapa1;entry","TIMING DE ENTRADA - ETAPA 1 Essa condico favorece o possivel movimento, pois ha um alinhament forcas: a Etapa e o Ciclo esto em harmonia. No entanto, h outro atalho visual que tambm representa a Etapa"
"captura etapa 1","Captura de ecr? 2025-11-11 095354.png","etapa1;fpleme;shark;entry","O Post-it em verde acinzentado (opaco) tambm indica a Etapa 1, pois o FPLEME saiu do nivel -4,00 e alcangou o nivel 0,00. Porm, nesse caso, a chance de iniciar um ciclo comprador  menor. Isso ocorre p"
"captura etapa 1","Captura de ecr? 2025-11-11 095401.png","etapa1;shark;entry","TIMING DE ENTRADA - ETAPA 1 Quando o Shark ainda est vermelho, os pregos tendem a lateralizar, a menos que a linha do Shark mude para azul futuramente. Compare: o movimento de Etapa 1 com o Post-it em"
"captura etapa 1","Captura de ecr? 2025-11-11 095406.png","etapa1","Compare: o movimento de Etapa 1 com o Post-it em verde acinzentado (opaco) foi mais lateralizado, enquanto a operago de Etapa 1 com o verde destacado resultou em um movimento mais fluido: = WY EXE xa "
"captura etapa 1","Captura de ecr? 2025-11-11 095413.png","no_text",""
"captura etapa 1","Captura de ecr? 2025-11-11 095419.png","etapa1;fpleme;entry","TIMING DE ENTRADA - ETAPA 1 Se voc nunca alterou essas configurages no seu FPLEME, fique tranquilo, pois ele j estar configurado exatamente como nas representaces apresentadas. Reforco: Existe Etapa 1"
"captura etapa 1","Captura de ecr? 2025-11-11 095427.png","etapa1","Exemplo de boxes positivos que nao tm chance de virar Etapa 1: 126.426 "
"captura etapa 1","Captura de ecr? 2025-11-11 095432.png","etapa1;fpleme;entry","TIMING DE ENTRADA - ETAPA1 Posicionamento de Ordem na Etapa 1 de Compra: Normalmente, o FPLEME atingira a linha 0,00 no segundo ou terceiro box positivo a favor do movimento. Voc pode se perguntar: ""M"
"captura etapa 1","Captura de ecr? 2025-11-11 095437.png","etapa1","1 - Etapa 1 identificada (neste caso, a Etapa 1 foi confirmada no terceiro box positivo): 126.581 126.010 125.765 125.479 125.153 =0xX "
"captura etapa 1","Captura de ecr? 2025-11-11 095441.png","no_text",""
"captura etapa 1","Captura de ecr? 2025-11-11 095447.png","etapa1;entry","TIMING DE ENTRADA - ETAPA 1 2 - Nunca compre no topo do box positivo: "
"captura etapa 1","Captura de ecr? 2025-11-11 095452.png","no_text","3 - Posicione-se o mais prximo possivel da base do box positivo anterior (neste caso, posicione-se na base do segundo box): "
"captura etapa 1","Captura de ecr? 2025-11-11 095501.png","etapa1;entry","TIMING DE ENTRADA - ETAPA 1 Legenda:  Trago verde: = Indica o local mais recomendado para posicionar a ordem de entrada. + Topo, base e sombra do box positivo: Representam as partes especficas do box "
"captura etapa 1","Captura de ecr? 2025-11-11 095507.png","etapa1;entry","TIMING DE ENTRADA - ETAPA 1 Novo exemplo: 1 - Etapa 1 identificada (neste caso, a Etapa 1 foi confirmada no 3 box positivo): "
"captura etapa 1","Captura de ecr? 2025-11-11 095513.png","etapa1;entry","TIMING DE ENTRADA - ETAPA 1 2 - Se voc est pensando em comprar, NUNCA deve comprar no topo do box: "
"captura etapa 1","Captura de ecr? 2025-11-11 095517.png","no_text","3 - Posicione-se o mais prximo possivel da base do box positivo anterior (neste caso, posicione-se na base do 2 box) "
"captura etapa 1","Captura de ecr? 2025-11-11 095523.png","etapa1","Novo exemplo: 1 - Etapa 1 identificada (neste caso, a Etapa 1 foi confirmada no 2 box positivo): "
"captura etapa 1","Captura de ecr? 2025-11-11 095530.png","entry","2 - Se voc esta pensando em comprar, NUNCA deve comprar no topo do box: "
"captura etapa 1","Captura de ecr? 2025-11-11 095534.png","no_text","3 - Posicione-se o mais prximo possivel da base do box positivo anterior (neste caso, posicione-se na base do 1 box) "
"captura etapa 1","Captura de ecr? 2025-11-11 095541.png","etapa1;ppm;mm;entry","TIMING DE ENTRADA - ETAPA 1 Importante: Sempre uma Etapa 1 dentro de um cenrio ser mais segura do que uma Etapa 1 isolada. Como assim? Priorize realizar Etapas 1 que estejam dentro de cenrios de PPM ("
"captura etapa 1","Captura de ecr? 2025-11-11 095546.png","no_text","Exemplo: Qual das operages  mais segura? Op.1 ou Op.2? "
"captura etapa 1","Captura de ecr? 2025-11-11 095552.png","etapa1;ppm;entry","TIMING DE ENTRADA - ETAPA 1 Resposta: A Op.2  mais segura do que a Op.1, pois a Op.2  uma entrada de Etapa 1 dentro de um cenrio de Progresso de Prego em MAP (PPM), enquanto a Op.1  apenas um moviment"
"captura etapa 1","Captura de ecr? 2025-11-11 095606.png","etapa1;entry","TIMING DE ENTRADA - ETAPA 1 "
"captura etapa 1","Captura de ecr? 2025-11-11 095611.png","etapa1;stop;entry","TIMING DE ENTRADA - ETAPA 1 Para Trades em Etapa 1 Compradora, onde posicionar o STOP? O Stop deve ser posicionado abaixo do ltimo fundo formado. Ou seja, quando se inicia um ciclo comprador, o mercad"
"captura etapa 1","Captura de ecr? 2025-11-11 095617.png","etapa1;stop;entry","TIMING DE ENTRADA - ETAPA 1 Posicionamento do STOP no ltimo fundo formado a partir do ltimo ciclo comprador: EN "
"captura etapa 1","Captura de ecr? 2025-11-11 095625.png","etapa1;fpleme;stop;entry","TIMING DE ENTRADA - ETAPA 1 E se quiser deixar um STOP um pouco maior, qual seria o limite mximo? Resposta: O limite mximo seria 1 box negativo abaixo desse funco. Isso porque, se esse ltimo fundo for"
"captura etapa 1","Captura de ecr? 2025-11-11 095629.png","stop","Exemplo de limite maximo de STOP: "
"captura etapa 1","Captura de ecr? 2025-11-11 095633.png","etapa1;stop;entry","TIMING DE ENTRADA - ETAPA 1 Reforgo: E por isso que  importante evitar comprar no topo do Renko. Prefira comprar na base do box positivo anterior, pois isso reduz o tamanh do seu STOP. Exemplo: Compra"
"captura etapa 1","Captura de ecr? 2025-11-11 095641.png","etapa1;entry","TIMING DE ENTRADA - ETAPA 1 Aguardando e comprando na base do box positivo anterior: "
"captura etapa 1","Captura de ecr? 2025-11-11 095652.png","etapa1;fpleme;entry","TIMING DE ENTRADA - ETAPA 1 Agora que finalizamos a explicago sobre a Etapa 1 compradora,  hora de virar a pgina e falar sobre a Etapa 1 vendedora. A lgica segue o mesmo principio, mas com foco nas op"
"captura etapa 1","Captura de ecr? 2025-11-11 095656.png","etapa1","Identificago visual: Quando isso acontece, existe um atalho visual indicando que a Etapa 1 ocorreu. Esse atalho  mostrado atravs de um Post-it (retangular) vermelho destacado."
"captura etapa 1","Captura de ecr? 2025-11-11 095700.png","etapa1;shark;entry","TIMING DE ENTRADA - ETAPA 1 Esse Post it  representado em vermelho destacado porque, quando a Etapa 1 aconteceu, o Shark j estava vermelho. Veja: "
"captura etapa 1","Captura de ecr? 2025-11-11 095708.png","etapa1;fpleme;shark;entry","TIMING DE ENTRADA - ETAPA 1 Isso favorece o possvel movimento, pois h um alinhamento entre as forgas: a Etapa e o Ciclo esto alinhados. No entanto, h outro atalho visual que tambm indica a Etapa 1, ma"
"captura etapa 1","Captura de ecr? 2025-11-11 095712.png","etapa1;shark","Isso ocorre porque o mercado tentou entrar em Etapa 1, mas a linha do Shark ainda estava azul "
"captura etapa 1","Captura de ecr? 2025-11-11 095717.png","etapa1;shark;entry","TIMING DE ENTRADA - ETAPA 1 Nessa situago, com o Shark ainda azul, os precos tendem a lateralizar, a menos que a linha do Shark passe a ficar vermelha futuramente. Veja: o movimento de Etapa 1 com o v"
"captura etapa 1","Captura de ecr? 2025-11-11 100143.png","etapa1;shark;entry","TIMING DE ENTRADA - ETAPA 1 Nessa situago, com o Shark ainda azul, os precos tendem a lateralizar, a menos que a linha do Shark passe a ficar vermelha futuramente. Veja: o movimento de Etapa 1 com o v"
"captura etapa 1","Captura de ecr? 2025-11-11 100201.png","no_text",""
"captura etapa 1","Captura de ecr? 2025-11-11 100208.png","etapa1;fpleme;entry","Se voc nunca alterou essas configuragdes no seu FPLEME, fique tranquilo pois ele jd estar configurado exatamente como mostrado nas representages. Reforgo: Existe Etapa 1 com o FPLEME no nivel de +12,0"
"captura etapa 1","Captura de ecr? 2025-11-11 100213.png","no_text","NN "
"captura etapa 1","Captura de ecr? 2025-11-11 100217.png","etapa1;fpleme;entry","TIMING DE ENTRADA - ETAPA 1 Posicionamento de ordem em Etapa 1 de venda: Normalmente, o FPLEME alcangar a linha 0,00 no segundo ou terceiro box negativo a favor do movimento. Voc pode pensar: ""Mas iss"
"captura etapa 1","Captura de ecr? 2025-11-11 100221.png","etapa1","1 - Identificago da Etapa 1 (neste caso, confirmada no 3 box negativo) =0% cm a "
"captura etapa 1","Captura de ecr? 2025-11-11 100224.png","etapa1;entry","TIMING DE ENTRADA - ETAPA 1 2 - Se voc esta pensando na venda, NUNCA venda no fundo do box: "
"captura etapa 1","Captura de ecr? 2025-11-11 100229.png","no_text","3 - Posicione-se o mais prximo possivel do topo do box negativo anterior (nesse caso, posicione-se no topo do 2 box) "
"captura etapa 1","Captura de ecr? 2025-11-11 100236.png","entry","Legenda: + Traco vermelho: Representa o local mais indicado para posicionar a ordem de entrada. + Topo, base (fundo) e sombra do box negativo: Base (Fundo )"
"captura etapa 1","Captura de ecr? 2025-11-11 100241.png","etapa1;ppm;mm;entry","TIMING DE ENTRADA - ETAPA 1 Importante: Uma Etapa 1 dentro de um cenrio ser sempre mais segura do que uma Etapa 1 isolada. Como assim? Foque em realizar Etapas 1 que estejam dentro dos cenrios de PPM "
"captura etapa 1","Captura de ecr? 2025-11-11 100245.png","no_text",""
"captura etapa 1","Captura de ecr? 2025-11-11 100250.png","etapa1;mm;entry","TIMING DE ENTRADA - ETAPA 1 Resposta: A Opco 2  mais segura, pois representa uma entrada de Etapa 1 dentro de um CENRIO de MAP com MAP (MM), enquanto a Opgo 1  uma baixa em um movimento isolado. Essa "
"captura etapa 1","Captura de ecr? 2025-11-11 100256.png","no_text",""
"captura etapa 1","Captura de ecr? 2025-11-11 100302.png","etapa1;stop;entry","TIMING DE ENTRADA - ETAPA 1 Para trades em Etapa 1 vendedora, onde posicionar o STOP? O STOP deve ser posicionado acima do ltimo topo formado. Isso porque, ao iniciar um ciclo vendedor, o mercado deix"
"captura etapa 1","Captura de ecr? 2025-11-11 100306.png","stop","Posicionamento do STOP: O STOP ser colocado no ltimo topo formado a partir do ltimo ciclo vendedor. "
"captura etapa 1","Captura de ecr? 2025-11-11 100310.png","no_text",""
"captura etapa 1","Captura de ecr? 2025-11-11 100314.png","etapa1;fpleme;stop;entry","TIMING DE ENTRADA - ETAPA 1 E se eu quiser deixar um STOP um pouco maior? Qual  o limite mximo para o STOP? O limite mximo  1 box positivo acima desse topo. Isso ocorre porque, se o ltimo topo for rom"
"captura etapa 1","Captura de ecr? 2025-11-11 100318.png","stop","Exemplo de limite maximo de STOP. "
"captura etapa 1","Captura de ecr? 2025-11-11 100323.png","stop","Reforgo: Por isso,  importante NAO vender na base do Renko, mas sim no topo do box anterior. Essa estratgia planejada reduz o tamanho do seu STOP. Veja: Vendendo na base (fundo). "
"captura etapa 1","Captura de ecr? 2025-11-11 100326.png","no_text","Vendendo na base (fundo). "
"captura etapa 1","Captura de ecr? 2025-11-11 100332.png","etapa1;entry","TIMING DE ENTRADA - ETAPA 1 Aguardando e vendendo no topo do negativo anterior: "
"captura etapa 1","Captura de ecr? 2025-11-11 100337.png","no_text",""
"captura etapa 1","Captura de ecr? 2025-11-11 100343.png","etapa1;entry","TIMING DE ENTRADA - ETAPA 1 Estudar os conceitos de Etapa 1 e suas aplicages  fundamental para refinar suas entradas no mercado. Quanto mais voc praticar esses conceitos em replays e aplic-los em dife"
"captura etapa 2","Captura de ecr? 2025-11-11 112829.png","etapa1;etapa2;fpleme;entry","TIMING DE ETAPA2 ENTRADA TIMING DE ENTRADA - ETAPA 2 Etapa2 AEtapa 2  uma estratgia de timing de mercado que pode ser identificada por meio da ferramenta FPLEME. Seu objetivo  permitir uma entrada aps"
"captura etapa 2","Captura de ecr? 2025-11-11 112836.png","etapa1;etapa2;fpleme;entry","Etapa 2 A Etapa 2  uma estratgia de timing de mercado que pode ser identificada por meio da ferramenta FPLEME. Seu objetivo  permitir uma entrada aps 0 incio de um novo ciclo de mercado. Ou seja, se v"
"captura etapa 2","Captura de ecr? 2025-11-11 112847.png","etapa2;fpleme;shark;entry","Alm dessa condigo, um complemento importante para a leitura : para ser considerada Etapa 2 Compradora, o Shark tambm deve estar azul. Na maioria das vezes, quando o mercado estiver em Etapa 2 Comprado"
"captura etapa 2","Captura de ecr? 2025-11-11 112852.png","entry","Propriedades de Estratgia Parmetros Entradas oe mo 14000, RAPIDO. RESIN RESUME ON TOP. Imagem: XR -> Nao Propriedades de Estratgia Parmetros tn oF ALTONUSAO Rese Rese Imagem: Modo Rapido-> Nao"
"captura etapa 2","Captura de ecr? 2025-11-11 112858.png","etapa1;etapa2;fpleme;entry","Se voc nunca alterou essas configurages no seu FPLEME, pode ficar tranquilo, pois j estar configurado exatamente como nas representages apresentadas. Reforgando: + Existe Etapa 2 Compradora com o FPLE"
"captura etapa 2","Captura de ecr? 2025-11-11 112903.png","etapa2","1 - Etapa 2 identificada: "
"captura etapa 2","Captura de ecr? 2025-11-11 112908.png","entry","2 - Se voc est pensando em compra NUNCA deve comprar no topo do box: "
"captura etapa 2","Captura de ecr? 2025-11-11 112913.png","no_text","3 - Ento se posicione o mais prximo possivel da base do box positivo anterior. 622818 625,0 =0x 18,00 "
"captura etapa 2","Captura de ecr? 2025-11-11 112918.png","etapa2;entry","TIMING DE ENTRADA - ETAPA 2 Legenda: + Trago verde: indica o local mais recomendado para posicionar a ordem de entrada. + Topo, base e sombra do box positivo: Topo "
"captura etapa 2","Captura de ecr? 2025-11-11 112926.png","etapa2","NOVO 2xemplo.. 1 - Etapa 2 identificada: "
"captura etapa 2","Captura de ecr? 2025-11-11 112932.png","etapa2","1 - Etapa 2 identificada: 6.232,05"" 6.215,00 "
"captura etapa 2","Captura de ecr? 2025-11-11 112940.png","entry","2 - Se voc est pensando na compra NUNCA deve comprar no topo do box: "
"captura etapa 2","Captura de ecr? 2025-11-11 112946.png","no_text","3 - Ento se posicione o mais prximo possvel da base do box positivo anterior: "
"captura etapa 2","Captura de ecr? 2025-11-11 112955.png","etapa2","Segunda opgo de Timing de mercado para Etapa 2 Existe uma alternativa de Timing de mercado na Etapa 2 com um estilo operacional um pouco menos conservador, chamada de Etapa 2.2 Em momentos de maior vo"
"captura etapa 2","Captura de ecr? 2025-11-11 113002.png","etapa2;fpleme;entry","At este momento, nada mudou, pois a identificago da Etapa 2 continua a mesma: ocorre quando o FPLEME sai do nivel 4,00 e alcanga o nivel 8,00. 2 - Se voc est pensando na compra NUNCA deve comprar no t"
"captura etapa 2","Captura de ecr? 2025-11-11 113008.png","etapa2","3 - Ento se posicione o mais prximo possivel da base do prprio box positivo que confirmou a Etapa 2: "
"captura etapa 2","Captura de ecr? 2025-11-11 113014.png","etapa2;entry","At este momento, nada mudou, pois, independentemente da opgo, voc nunca deve comprar no topo do box. 3 - Ento se posicione o mais prximo possvel da base do prprio box positivo que confirmou a Etapa 2:"
"captura etapa 2","Captura de ecr? 2025-11-11 113021.png","etapa2;ppm;mm","Importante: Uma Etapa 2 dentro de um cenrio sempre ser mais segura do que uma Etapa 2 isolada. Mas o que isso significa? Priorize operar a Etapa 2 quando ela estiver dentro dos cenrios de PPM ou MM, d"
"captura etapa 2","Captura de ecr? 2025-11-11 113029.png","etapa2;ppm;entry","Resposta: A Op.2  mais segura do que a Op.1, pois representa uma entrada de Etapa 2 dentro de um cenrio de Progresso de Prego em MAP (PPM), enquanto a Op.1 ocorre em um movimento isolado qualquer. Ess"
"captura etapa 2","Captura de ecr? 2025-11-11 113036.png","etapa2","Na Op.2, h uma maior probabilidade de continuidade do movimento. Isso no  um setup e no significa que sempre funcionar exatamente dessa forma No entanto,  um excelente filtro, ajudando-nos a buscar tr"
"captura etapa 2","Captura de ecr? 2025-11-11 113047.png","etapa2;stop;entry","Considerago: E importante ter cautela ao operar em Etapa 2 de compra em regides de sobreprego. Isso porque, nessas reas, as tendncias podem desacelerar e at encontrar obstculos que podem interromper o"
"captura etapa 2","Captura de ecr? 2025-11-11 113055.png","etapa2;entry","O mesmo exemplo, mas agora com Timing de etapa 2.2 (se posicionandc na base do prprio box que fez a confirmago da Etapa 2), fazendo a contagem a partir do ponto do melhor ponto de entrada. 128.027 127"
"captura etapa 2","Captura de ecr? 2025-11-11 113101.png","etapa2;stop","Repare nas imagens anteriores que a regra para o stop no mudou. Ele sempre ser posicionado na base de dois corpos de boxes positivos anteriores Considerages: Tambm  possivel posicionar o STOP contando"
"captura etapa 2","Captura de ecr? 2025-11-11 113107.png","etapa2;fpleme","Essa opgo  usada por algumas pessoas, pois o segundo box contrrio  posigo s fechar negativo se ultrapassar a mnima do segundo box positivo + 1 tick. Curiosidade: + 1 tick no dlar  0,50 + 1 tick no Nas"
"captura etapa 2","Captura de ecr? 2025-11-11 113113.png","etapa1;etapa2;shark;entry","Alm da condigo anterior, um complemento para a leitura : para ser considerada uma etapa 2 vendedora, o Shark tambm deve estar vermelho. Praticamente todas as vezes que o mercado estiver em etapa 2 ven"
"captura etapa 2","Captura de ecr? 2025-11-11 113119.png","etapa2","* - Etapa 2 identificada: "
"captura etapa 2","Captura de ecr? 2025-11-11 113126.png","entry","2 - Se voc est pensando na venda NUNCA deve vender no fundo(oase) do box: 127.475 me 127.375 | 327.096 [126.753 | 126.753 i 125.522 | "
"captura etapa 2","Captura de ecr? 2025-11-11 113132.png","no_text","3 - Ento se posicione o mais prximo possivel do topo do box negativo anterior: 126.960 126.864 ' I 12.579 126.375 125.878 | "
"captura etapa 2","Captura de ecr? 2025-11-11 113137.png","stop;entry","4 - Em relago ao STOP, ele deve ser posicionado no topo de dois corpos de box negativos anteriores, contando a partir do melhor ponto de entrada.  ARGOT i 125.522 | "
"captura etapa 2","Captura de ecr? 2025-11-11 113145.png","etapa2;stop;entry","5 - E como ficariam a entrada e o posicionamento do STOP na opgo de Etapa 2.2? Dica: A diferenga  que a entrada ocorre no topo do prprio box negativo que confirmou a Etapa 2, enquanto o STOP deve ser "
"captura etapa 2","Captura de ecr? 2025-11-11 113152.png","stop;entry","Considerages: Tambm  possivel utilizar o STOP considerando dois boxes negativos anteriores + 1 tick, Legenda: + Sobre o trago vermelho: O trago vermelho indica o local mais adequado para posicionar a "
"captura etapa 2","Captura de ecr? 2025-11-11 113201.png","etapa2;ppm;mm","Importante: Uma Etapa 2 dentro de um cenrio sempre ser mais segura do que uma Etapa 2 isolada. Mas por qu? Priorize realizar as Etapas 2 dentro dos cenrios de PPM ou MM, desde que  prego j tenha rompi"
"captura etapa 2","Captura de ecr? 2025-11-11 113206.png","etapa2;ppm;entry","A Op. 2  mais segura, pois j est dentro de um cenrio PPM, com o prego abaixo da The_wall e com a The_wall na cor correspondente ao cenrio de venda. Concluso: Em resumo, a Etapa 2 pode ser uma excelent"
"captura fpleme","Captura de ecr? 2025-11-11 093132.png","fpleme","FPLEME CORES, NOMENCLATURA E USABILIDADE "
"captura fpleme","Captura de ecr? 2025-11-11 093138.png","fpleme","FPLEME SC2 A ferramenta FPLEME  capaz de ler o fluxo de mercado e transformdo em ciclos. Essa funcionalidade permite identificar o inicio e o fim de cada movimento, proporcionando um melhor gerenciame"
"captura fpleme","Captura de ecr? 2025-11-11 093147.png","fpleme;entry","FPLEME $C2: CORES E NOMENCLATURA Imagem 2 Linhas A ferramenta possui duas linhas principais: 1.Linha do FPLEME (linha mais fina) + Quanto mais alta, maior a forca de compra + Quanto mais baixa, maior "
"captura fpleme","Captura de ecr? 2025-11-11 093152.png","fpleme;entry","1. Linha do FPLEME (linha mais fina) + Quanto mais alta, maior a forca de compra + Quanto mais baixa, maior a forga de venda. "
"captura fpleme","Captura de ecr? 2025-11-11 093158.png","fpleme;shark;entry","FPLEME $C2: CORES E NOMENCLATURA Linha do SHARK (linha mais espessa) + Funciona da mesma forma: quanto mais alta, maior a forga de compra, e quanto mais baixa, maior a forga de venda. Essas duas linha"
"captura fpleme","Captura de ecr? 2025-11-11 093202.png","fpleme","Post-its (Marcages) Nas linhas +4,00 e -4,00, existem pequenos retngulos chamados Postits, que acompanham a trajetria da Linha do FPLEME. + Cores:  Verde claro (opaco) e verde destacado. o Vermelho cl"
"captura fpleme","Captura de ecr? 2025-11-11 093207.png","fpleme;shark;entry","FPLEME SC A Atengo: Um Postiit, por si s, no  um set-up de entrada ou sada. Sua funcionalidade ser explicada parcialmente neste mdulo e aprofundada nos mdulos seguintes. Post-its na Linha do SHARK Os "
"captura fpleme","Captura de ecr? 2025-11-11 093212.png","fpleme","FPLEME SC2: USABILIDADE A importncia da ferramenta frente ao ciclo de prego O FPLEME  essencial porque observar apenas se o box do Renko  positivo ou negativo nao  suficiente para determinar a dirego "
"captura fpleme","Captura de ecr? 2025-11-11 093219.png","fpleme","E es E E e ee e Nessa imagem fica bem fcil de visualizar que os niveis +4,00 e -4,00 sao os niveis onde a linha do FPLEME muda de cor: "
"captura fpleme","Captura de ecr? 2025-11-11 093224.png","fpleme","Nessa imagem fica bem fcil de visualizar que os niveis +4,00 e -4,00 so os niveis onde a linha do FPLEME muda de cor: "
"captura fpleme","Captura de ecr? 2025-11-11 093231.png","etapa1;fpleme;entry","FPLEME SC2: USABILIDADE Os Postits nos niveis +4,00 e -4,00 so atalhos visuais que mostram que a ferramenta mudou de cor e tocou o nivel 0,00, representando o que chamamos de ETAPA 1 ETAPA 1 A Etapa 1"
"captura fpleme","Captura de ecr? 2025-11-11 093239.png","fpleme;shark;entry","Linha do Shark A Linha do SHARK l os mesmos dados que a Linha do FPLEME, m: confirma a mudanga de ciclo no mercado. Ela indica se o mercado est em um ciclo comprador ou vendedor. "
"captura fpleme","Captura de ecr? 2025-11-11 093246.png","fpleme;shark;entry","FPLEME SC2: USABILIDADE Post-its amarelos Os Postits amarelos na Linha do SHARK representam equilibrio e podem antecipar uma mudanga de ciclo. Contudo, essa mudanga s  confirmada pela coloraco da linh"
"captura fpleme","Captura de ecr? 2025-11-11 093253.png","fpleme;mm","FPLEME na plataforma Ninja Trader Comparativo de ciclos de forga O comparativo ser essencial para a montagem de cenrios: 1.Divergncia: analisada no cenrio de comparativo de MAP com MAP (MM). "
"captura fpleme","Captura de ecr? 2025-11-11 093259.png","ppm","FP! ABILIDADE 2. Convergncia: analisada no cenrio de progresso do prego em MAP (PPM) Convergncia "
"captura fpleme","Captura de ecr? 2025-11-11 093307.png","etapa1;fpleme;shark","FPLEME SC2: USABILIDADE Melhor momento para um trade O melhor momento  quando h inicio de ciclo em ETAPA 1 + Niveis +4,00 confirmando o nivel 0,00. + Niveis -4,00 confirmando o nivel 0,00. Nessa condi"
"captura fpleme","Captura de ecr? 2025-11-11 093313.png","fpleme;shark","Movimentos lateralizados Quando o FPLEME e o SHARK no possuem colorages alinhadas, os movimentos tendem a ser lateralizados. Isso ocorre devido ao desalinhamento das forcas no mercado. A Atengo: Esse "
"captura maps","Captura de ecr? 2025-11-11 093522.png","maps","MAPS CORES, NOMENCLATURA E USABILIDADE Magro Abeno Fils -uerMar2gmalcom CPF: 031987 901-61 "
"captura maps","Captura de ecr? 2025-11-11 093526.png","maps","MAPS: FUNCIONALIDADE. O mapeamento tem como principal fungo trazer um planejamento estratgico para o trade. A base de qualquer operacional no mercado financeiro se resume em: continuidade do movimento"
"captura maps","Captura de ecr? 2025-11-11 093530.png","maps","O indicativo de regido de sobreprego em dias muito volteis (cautela ) @ indicativo de regio de subprego em dias muito volteis (cautela ) (> regido de consolidago prego de equilbro - MAP 0 regido inter"
"captura maps","Captura de ecr? 2025-11-11 093536.png","maps","(ESD = Prego Justo Acima da (Mi8) nomeamos as linhas por $1 , $2, $3 e S4_ Abaixo da (ip) nomeamos as linhas por it , 2, i3 e As linhas $5), $6), $7), 'S8 e; (18), (6), (7) e (18! s aparecem quando o "
"captura maps","Captura de ecr? 2025-11-11 093541.png","maps","MAPS: NOMENCLATURA - REFORCANDO O CONCEITO Vamos chamar a linha pontilhada central, que fica nas cores azul e laranja, de MAP- 0 As linhas acima, vamos chamar de linhas superiores com o prefixo ""s e c"
"captura maps","Captura de ecr? 2025-11-11 093546.png","no_text","+ Range: Os Ranges so representados por essas linhas mais espessas no Mapeamento. Essas linhas delimitam a distancia entre o movimento da mnima e da mxima do ativo. Essa amplitude, na anlise tradicion"
"captura maps","Captura de ecr? 2025-11-11 093551.png","maps;hertz","+ Problines: E esperado que um ativo no ultrapasse facilmente a S4, assim como tambm  esperado que ele no ultrapasse a 14. Quando isso pode acontecer? Novamente, a resposta : apenas quando o ativo pas"
"captura maps","Captura de ecr? 2025-11-11 093556.png","maps;entry","MAPS: FUNCOES INTELIGENTES DO MAPEAMENTO Interpretago: A interpretagao deve ser: se as Problines esto ativas, isso indica uma probabilidade de que o prego alcance essas linhas. Portanto,  necessrio ca"
"captura maps","Captura de ecr? 2025-11-11 093602.png","fpleme;maps;entry","MAPS: FUNCOES INTELIGENTES DO MAPEAMENTO As linhas dos compradores so representadas na cor verde, enquanto as linhas dos vendedores so representadas na cor vermelha. Assim como a linha de range, essas"
"captura maps","Captura de ecr? 2025-11-11 093613.png","no_text","+ The_Wall (0 muro) "
"captura maps","Captura de ecr? 2025-11-11 093625.png","no_text","2 ES 3 E e 3 =| o cj E . "
"captura maps","Captura de ecr? 2025-11-11 093714.png","fpleme;maps;entry","MAPS: FUNCOES INTELIGENTES DO MAPEAMENTO As linhas dos compradores sao representadas na cor verde, enquanto as linhas dos vendedores sao representadas na cor vermelha. Assim como a linha de range, ess"
"captura maps","Captura de ecr? 2025-11-11 093725.png","maps","MAPS: FUNCOES INTELIGENTES DO MAPEAMENTO A The_Wall tem o propsito de dividir: ou o prego est acima da The_Wall, ou est abaixo dela. Isso se torna mais evidente quando o mercado possui uma diregao cla"
"captura maps","Captura de ecr? 2025-11-11 093732.png","no_text","Wiz IN IN "
"captura maps","Captura de ecr? 2025-11-11 093739.png","entry","Interpretago das cores da The_Wall + Verde: Indica alta forga de compra. Nunca considere cenrios de venda enquanto a The_Wall estiver verde, pois isso significa ir contra a forga dominante do mercado."
"captura maps","Captura de ecr? 2025-11-11 093745.png","fpleme;maps;entry","MAPS: FUNCOES INTELIGENTES DO MAPEAMENTO + Rosa (magenta/fcsia): Indica alta fora de venda. Nunca considere cenrios de compra enquanto a The_Wall estiver rosa, pois isso tambm significa ir contra a fo"
"captura maps","Captura de ecr? 2025-11-11 093756.png","no_text","Porm, The_Wall amarela nos extremos pode ser lido como oportunidade: "
"captura maps","Captura de ecr? 2025-11-11 093803.png","no_text","Observagao importante: No  porque o prego chegou ao extremo e a The_Wall ficou amarela que voc deve entrar em operaco imediatamente. Esse  apenas o incio de um cenrio de reverso e uma das condices nec"
"captura maps","Captura de ecr? 2025-11-11 093809.png","no_text",""
"captura maps","Captura de ecr? 2025-11-11 093818.png","fpleme;maps;vx;entry","MAPS: FUNCOES INTELIGENTES DO MAPEAMENTO Consideraces e Aconselhamentos: A primeira vez que vi um MAPA criado pelo Ferno, minha reagao foi tentar ""setupzar"". Ou seja, eu acreditava que bastava vender "
"captura mm","Captura de ecr? 2025-11-11 114612.png","fpleme;mm","MM MAP + MAP FPLEME? "
"captura mm","Captura de ecr? 2025-11-11 114616.png","ppm;mm;entry","Anteriormente, fol destacada a importncia do cenrio de Progresso de Prego em MAP (PPM). Com esse cenrio,  possivel comprender para qual lado o mercado est demonstrando maior forca. O cenrio PPM. corre"
"captura mm","Captura de ecr? 2025-11-11 114621.png","shark","1': Sempre  necessrio esperar por uma referncia, ou seja, pelo menos um topo. Nesse topo de referncia, o Shark precisa virar vermelho, indicando o Inicio do primeiro ciclo vendedor. "
"captura mm","Captura de ecr? 2025-11-11 114625.png","shark;entry","2"": Sempre  necessrio esperar a formaco de pelo menos um fundo, e o Shark precisa virar azul, indicando o inicio de um primeiro ciclo comprador. "
"captura mm","Captura de ecr? 2025-11-11 114629.png","no_text","npre se preparar para entrar no segundo ciclo vendedor. ES "
"captura mm","Captura de ecr? 2025-11-11 114634.png","maps;ppm;mm;entry","MM 4: 0 segundo ciclo vendedor deve estar mais baixo do que o anterior. 5"": Para uma venda, o segundo ciclo vendedor deve estar na mesma MAP do ciclo de referncia. Por exemplo: MAP 0 com MAP 0, 1 com "
"captura mm","Captura de ecr? 2025-11-11 114642.png","no_text",""
"captura mm","Captura de ecr? 2025-11-11 114648.png","no_text","Recomendaces: 1 O cenrio MAP com MAP fica mais seguro quando a diferenga de inclinago entre os ciclos for mais evidente. Por exemplo: Esse caso no  recomendado poque os niveis dos ciclos esto iguais. "
"captura mm","Captura de ecr? 2025-11-11 114652.png","no_text","jo mais baixos. "
"captura mm","Captura de ecr? 2025-11-11 114658.png","ppm;entry","2 O cenrio MAP com MAP vendedora  mais eficaz para movimentos a favor da tendncia, ou seja, da MAP O para baixo. Isso porque, ao tentar operar na regio de sobreprego, existe a possibilidade de o ativo"
"captura mm","Captura de ecr? 2025-11-11 114703.png","shark;entry","Exemplos em Compra: Ponto Inicial: Escolha o lado que voc deseja analisar. Por exemplo, se o ativo est na MAP central e ela est azul, eu quero analisar a forga de compra, pois estou interesado em comp"
"captura mm","Captura de ecr? 2025-11-11 114707.png","shark","2: Sempre  necessrio esperar formar pelo menos um topo, e o Shark deve virar vermelho, mostrando o inicio do primeiro ciclo vendedor. AS 7 Be "
"captura mm","Captura de ecr? 2025-11-11 114712.png","entry","3: Prepare-se para entrar no segundo ciclo comprador. "
"captura mm","Captura de ecr? 2025-11-11 114715.png","maps;entry","4: 0 segundo ciclo comprador deve estar mais alto do que o ciclo anterior. 5: Para uma compra, o segundo ciclo comprador deve estar na mesma MAP do ciclo de referncia. Por exemplo: MAP 0 com MAP O, s1"
"captura mm","Captura de ecr? 2025-11-11 114720.png","no_text","Recomendaces: 1 O cenrio MAP com MAP  mais seguro quando a diferenga de inclinago entre os ciclos  mais evidente. Observe o exemplo abaixo. Esse caso no  recomendado poque os niveis dos ciclos esto ig"
"captura mm","Captura de ecr? 2025-11-11 114724.png","no_text","+ Caso recomendado: Quando os niveis dos ciclos esto mais altos: PE 00 3.00 000) J a Y. Y "
"captura mm","Captura de ecr? 2025-11-11 114730.png","entry","2 O cenrio MAP com MAP compradora  mais eficiente para movimentos a favor da tendncia, ou seja, da MAP 0 para cima. Isso ocorre porque, ao tentar operar na regio de subprego, o ativo pode ainda estar "
"captura mm","Captura de ecr? 2025-11-11 114735.png","entry","2 O cenrio MAP com MAP compradora  mais eficiente para movimentos a favor da tendncia, ou seja, da MAP 0 para cima. Isso ocorre porque, ao tentar operar na regio de subprego, o ativo pode ainda estar "
"captura mm","Captura de ecr? 2025-11-11 114738.png","entry","O exemplo acima mostra o prego indo ao extremo inferior e destaca a dificuldade que o ativo apresenta para subir. Isso ocorre porque, alm das forgas no estarem to favorveis para a compra, a The_Wall a"
"captura ppm","Captura de ecr? 2025-11-11 113643.png","maps;ppm","PPM  PROGRESSAO DE PRECO EM MAPS"
"captura ppm","Captura de ecr? 2025-11-11 113651.png","maps;ppm;mm;entry","No universo da anlise de mercado, compreender o comportamento do prego e identificar sua progresso de forma estruturada  essencial para tomadas de deciso mais assertivas. Os mtodos de Cenrios de Progr"
"captura ppm","Captura de ecr? 2025-11-11 113658.png","no_text",""
"captura ppm","Captura de ecr? 2025-11-11 113705.png","no_text","Fases complementares: Reacumulaco e Redistribuigo. "
"captura ppm","Captura de ecr? 2025-11-11 113709.png","no_text","Redistribuiso "
"captura ppm","Captura de ecr? 2025-11-11 113716.png","maps;thewall","Acumulago Definigo: Uma acumulago bem-sucedida pode ser o ponto de partida para o inicio de uma tendncia de alta. Ela geralmente ocorre aps um perodo de declnio no mercado (baixa forte), quando os pre"
"captura ppm","Captura de ecr? 2025-11-11 113725.png","ppm;mm","+ Precos estveis: Aps um perodo de queda acentuada, os pregos dos ativos tendem a se estabilizar, deixando o ativo em consolidaco. Durante essas consolidaces,  possivel observar cenrios de MAP com MAP"
"captura ppm","Captura de ecr? 2025-11-11 113738.png","maps","Inicio de Alta Definiga A maioria dos investidores comega a perceber a recuperago do mercado. Contudo, ainda no h uma confianga slida por parte do pblico menos informado. + MAPS: O inicio de alta pode"
"captura ppm","Captura de ecr? 2025-11-11 113744.png","maps;ppm;thewall","PPM Gradualmente, o prego comega a formar fundos mais altos nas MAPS, o que chamamos de Progresso de Prego em MAPs. Exemplo: um fundo em 3 seguido de um novo fundo em i1. + The_Wall (do grfico): No in"
"captura ppm","Captura de ecr? 2025-11-11 113752.png","no_text",""
"captura ppm","Captura de ecr? 2025-11-11 113800.png","maps;ppm;entry","Alta Forte Definigo: Aalta forte  a ltima etapa de um movimento de alta. Essa fase  caracterizada por um aumento significativo nos pregos dos ativos, muitas vezes impulsionado pela especulago e pelo o"
"captura ppm","Captura de ecr? 2025-11-11 113807.png","ppm","PPM Observago: E se a acumulago nao conseguir gerar o inicio de alta nem a alta forte? Quando isso acontece,  porque a forga vendedora ainda predomina. Esse fenmeno  chamado de Redistribuigo. Aredistr"
"captura ppm","Captura de ecr? 2025-11-11 113815.png","no_text","Alta forte  "
"captura ppm","Captura de ecr? 2025-11-11 113828.png","no_text","Sera uma Acumulaco ?"
"captura ppm","Captura de ecr? 2025-11-11 113833.png","no_text",""
"captura ppm","Captura de ecr? 2025-11-11 113842.png","maps;ppm;mm","Distribuigo Definigo: Se ocorrer uma distribuigo bem-sucedida, este fenmeno pode ser o ponto de partida para uma tendncia de baixa. Ela geralmente ocorre aps um perodo de alta no mercado (alta forte),"
"captura ppm","Captura de ecr? 2025-11-11 113849.png","maps","Inicio de Baixa Definig A maioria dos investidores comega a perceber que os pregos podem estar altos. Contudo, ainda no h uma confianga concreta por parte do pblico desinformado. Caractersticas: + MAP"
"captura ppm","Captura de ecr? 2025-11-11 113854.png","no_text",""
"captura ppm","Captura de ecr? 2025-11-11 113903.png","maps;ppm","PPM + The_Wall (do grfico): Normalmente, em um inicio de baixa, o prego estar ligeiramente acima ou abaixo da linha da The_Wall, tentando descer para a parte negativa das MAPS. Durante esse movimento,"
"captura ppm","Captura de ecr? 2025-11-11 113912.png","no_text",""
"captura ppm","Captura de ecr? 2025-11-11 113923.png","maps;ppm;entry","Baixa Forte Defir igo: A fase de baixa forte  a ltima etapa do movimento de forga de baixa.  caracterizada por uma queda excessiva nos pregos dos ativos, muitas vezes impulsionada pela especulago e pe"
"captura ppm","Captura de ecr? 2025-11-11 113934.png","no_text",""
"captura ppm","Captura de ecr? 2025-11-11 113941.png","entry","Observagao: E se a distribuico nao conseguir gerar o inicio de baixa nem a baixa forte? Quando isso acontece,  porque a forca de compra ainda  predominante. Esse fenmeno  chamado de Reacumulaco. A Rea"
"captura ppm","Captura de ecr? 2025-11-11 113949.png","no_text","uma Distribuigao ? Sera "
"captura ppm","Captura de ecr? 2025-11-11 113955.png","no_text",""
"captura ppm","Captura de ecr? 2025-11-11 114001.png","maps;ppm","Progresso de Prego em MAP (PPM) O cenrio de Progresso de Prego em MAP  uma das maneiras mais eficazes de identificar a forga do mercado e determinar a dirego correta a seguir. Esse cenrio consegue exp"
"captura ppm","Captura de ecr? 2025-11-11 114009.png","no_text","130.810 ""=0x 2.00 1800 2.00 AA 2800 00 =0x| a0 ote mL  a = "
"captura ppm","Captura de ecr? 2025-11-11 114013.png","entry","all (mmr Ha 2 Vamos analisar as ferramentas. Toda anlise de Progresso de Preco em MAP segue a sequncia abaixo: Ponto Inicial: Escolha o lado que deseja analisar. Por exemplo, se o ativo est em sobrepr"
"captura ppm","Captura de ecr? 2025-11-11 114022.png","shark","1 Regra: Sempre aguarde ter uma referncia, ou seja, pelo menos um topo. Nesse topo de referncia, o Shark deve virar vermelho, indicando 0 inicio de um ciclo vendedora. "
"captura ppm","Captura de ecr? 2025-11-11 114025.png","no_text",""
"captura ppm","Captura de ecr? 2025-11-11 114038.png","shark;entry","2 Regra: Aguarde a formaco de pelo menos um fundo, e o Shark virar azul, sinalizando o incio de um ciclo comprador. a ih. ll"
"captura ppm","Captura de ecr? 2025-11-11 114043.png","no_text",""
"captura ppm","Captura de ecr? 2025-11-11 114048.png","no_text",""
"captura ppm","Captura de ecr? 2025-11-11 114057.png","no_text","4 Regra: O segundo ciclo vendedor deve estar em um nivel mais baixo do que o primeiro ciclo vendedor. "
"captura ppm","Captura de ecr? 2025-11-11 114059.png","no_text",""
"captura ppm","Captura de ecr? 2025-11-11 114105.png","vx;entry","5 Regra: Para realizar uma venda, o segundo ciclo vendedor deve estar em uma MAP mais baixa do que a MAP do ciclo de referncia. Uma maneira fcil de verificar isso  observando o VX, que deve estar em q"
"captura ppm","Captura de ecr? 2025-11-11 114108.png","no_text",""
"captura ppm","Captura de ecr? 2025-11-11 114115.png","entry","6 Regra: No momento da entrada na operaco, a The_Wall deve estar lateralizada ou a favor do lado que voc deseja (Amarela ou Rosa). "
"captura ppm","Captura de ecr? 2025-11-11 114118.png","no_text",""
"captura ppm","Captura de ecr? 2025-11-11 114127.png","no_text","y a a 3] e 6 o G & > "
"captura ppm","Captura de ecr? 2025-11-11 114135.png","no_text",""
"captura ppm","Captura de ecr? 2025-11-11 114140.png","no_text","Viso completa: "
"captura ppm","Captura de ecr? 2025-11-11 114146.png","no_text",""
"captura ppm","Captura de ecr? 2025-11-11 114152.png","maps","Exemplos que nao atendem s regras: Observe que os exemplos que nao seguem as regras apresentam movimentos com menores chances de sucesso. Neste caso, o preco j no esta mais progredindo nas MAPs a favo"
"captura ppm","Captura de ecr? 2025-11-11 114155.png","no_text",""
"captura ppm","Captura de ecr? 2025-11-11 114159.png","no_text","Na situaco abaixo a The_wall ainda estava verde. "
"captura ppm","Captura de ecr? 2025-11-11 114204.png","no_text",""
"captura ppm","Captura de ecr? 2025-11-11 114211.png","shark;maps;vx;entry","Essa mesma leitura feita para venda tambm pode ser aplicada  compra. No caso de compra: Ponto Inicial: Escolha o lado que deseja analisar. Por exemplo, se o ativo est em subprego, voc deve analisar a "
"captura ppm","Captura de ecr? 2025-11-11 114217.png","no_text","Exemplo: A . onal : il LN IT e ri ut "
"captura ppm","Captura de ecr? 2025-11-11 114222.png","maps;ppm;entry","PPM O operacional de Progresso de Prego em MAPS (PPM) oferece uma abordagem clara e estruturada para compreender e operar no mercado com maior preciso. Ao analisar o comportamento do prego em relago a"
"captura ppm","Captura de ecr? 2025-11-11 114529.png","shark;ppm;vx;entry","PPM VENDA CHECKLIST (OU REGRESSAO DE PREGO EM MAP) Aguarde a formaco de uma referncia (pelo menos um topo) e verifique se o Shark virou vermelho, indicando o inicio de um ciclo vendedor. Aguarde a for"
"captura ppm","Captura de ecr? 2025-11-11 114536.png","shark;ppm;entry","PPM COMPRA CHECKLIST (OU PROGRESSAO DE PRECO EM MAP) Espere ter uma referncia: pelo menos um fundo, com o Shark virando azul, indicando o inicio de um primeiro ciclo comprador. Aguarde a formaco de um"
"captura vx","Captura de ecr? 2025-11-11 094856.png","vx","VX CORES, NOMENCLATURA E USABILIDADE "
"captura vx","Captura de ecr? 2025-11-11 094906.png","vx;entry","VX M2 Dias de forte tendncia, por incrvel que parega, so os dias que mais causam loss para traders, que tentam operar contra a tendncia ou que tentam encontrar o topo ou fundo do dia. Nao procure por "
"captura vx","Captura de ecr? 2025-11-11 094915.png","vx;entry","VX M2: CORES barras crescentes acima da MAP 0 (MAP Central) - agresso compradora predominante sinalizagao de movimento de contra tendncia barras decrescentes abaixo da MAP 0 (MAP Central) - agresso ve"
"captura vx","Captura de ecr? 2025-11-11 094922.png","fpleme;maps;vx","VX M2: NOMENCLATURA Acima da Map0 nomeamos as linhas por s1 | s2 | s3 | s4 e s5. E abaixo da Map0 nomeamos as linhas por i1 | i2 | i3 | 14 e i5. Assim como na ferramenta MAPs FPLEME."
"captura vx","Captura de ecr? 2025-11-11 094933.png","no_text","all sala At a Mi. all pp "
"captura vx","Captura de ecr? 2025-11-11 094941.png","no_text","Imagem 1 + Rompimento das Linhas Horizontais As linhas horizontais ficam mais espessas quando as linhas verticais as ultrapassam. Essa espessura nas linhas horizontais indica que o prego conseguiu rom"
"captura vx","Captura de ecr? 2025-11-11 094950.png","no_text",""
"captura vx","Captura de ecr? 2025-11-11 094955.png","no_text","al ne os sea "
"captura vx","Captura de ecr? 2025-11-11 095003.png","no_text","12: USABILIDADE Imagem 2"
"captura vx","Captura de ecr? 2025-11-11 095011.png","maps","iio aT | lh po Imagem 2 + Sobre o Saldo Ese o prego no grfico tentar romper uma linha, por exemplo a S3, mas as barras verticais no romperem a linha horizontal e a linha horizontal no ficar mais espec"
"captura vx","Captura de ecr? 2025-11-11 095024.png","no_text",""
"captura vx","Captura de ecr? 2025-11-11 095029.png","no_text","E call cata  lla, ""ayn "
"captura vx","Captura de ecr? 2025-11-11 095040.png","no_text","ELL qe tl a mi Imagem 3 Quando as barras verticais no conseguem romper as linhas horizontais, isso indica falta de forga. O saldo de agresso, que  o principal responsvel pelo movimento do prego, nao e"
"captura vx","Captura de ecr? 2025-11-11 095047.png","no_text","Imagem 4"
"captura vx","Captura de ecr? 2025-11-11 095056.png","maps;vx","Imagem 4 Repare, na imagem acima, como o prego no grfico nao conseguiu ultrapassar a S1 e nem romper para baixo da 11. + Considerages e Aconselhamentos O rompimento ou nao rompimento da MAP, analisado"
"captura vx","Captura de ecr? 2025-11-11 095101.png","vx","Ao observar o VX, voc est vendo a MAP de um novo ponto de vista, o que permite uma leitura mais clara e eficiente, especialmente no que diz respeito as divergncias ou convergncias da MAP. All "
"captura vx","Captura de ecr? 2025-11-11 095110.png","no_text",""
"captura vx","Captura de ecr? 2025-11-11 095115.png","maps;vx","VX M2: USABILIDADE + The_Wall do VX A The_Wall do grfico e a The_Wall do VX so a mesma ferramenta, mas apresentadas sob diferentes perspectivas e com coloraces distintas. A The_Wall do VX utiliza as p"
"captura vx","Captura de ecr? 2025-11-11 095131.png","vx","VX M2: USABILIDADE "
"captura vx","Captura de ecr? 2025-11-11 095137.png","vx","E possvel identificar quando a The_Wall do grfico est ultrapassando uma MAP por meio da The_Wall do VX."
"captura vx","Captura de ecr? 2025-11-11 095146.png","no_text","Tambm  possvel visualizar o saldo necessrio para o rompimento da The_Wall. "
"captura vx","Captura de ecr? 2025-11-11 095154.png","no_text",""
"captura vx","Captura de ecr? 2025-11-11 095200.png","no_text","+. Post-its Amarelos na The_Wall Os post-its amarelos na The_Wall indicam mudangas na direco da ferramenta. Essa informago  fundamental para manter a leitura do cenrio atual e antecipar possiveis movi"
"hertz","Captura de ecr? 2025-12-09 191454.png","hertz","O nmero do Hertz traz uma percepco muito importante, que vai alm de simplesmente indicar qual Renko devemos utilizar Essa informaco tambm  diretamente proporcional & volatilidade do mercado. Mas o que"
"hertz","Captura de ecr? 2025-12-09 191459.png","no_text","Anotando as frequncias no ndice Frequncia Macro: 91R Frequncia Conforto: 19R Frequncia Sniper: 12R Anotando as frequncias no SEP 500 | Frequncia Macro: 338 Frequncia Conforto: 21R a] Frequncia Sniper:"
"hertz","Captura de ecr? 2025-12-09 191503.png","hertz;stop","Anotando as frequncias no Nasdaq | Frequncia Macro: 71R Fo Frequncia Conforto: 44R | Frequncia Sniper: 27R pa O que  possivel notar comparando Dlar, ndice, SP500 e NASDAQ, respectivamente? E possivel "
"hertz","Captura de ecr? 2025-12-09 191506.png","hertz;stop","Quando se trata de mercado futuro (como Dlar, ndice, DI, SEP500, NASDAQ, Ouro, Gas ou moedas gerais listadas na CME), que possui um alto. grau de alavancagem, operar qualquer ativo pode se tornar bast"
"hertz","Captura de ecr? 2025-12-09 191510.png","no_text","Exemplo: Grfico Smin fe Grfico 1min al TT ct YY ft == Volatilidade alta significa movimentos repentinos e fora de uma cadncia previsivel. Esses movimentos podem dificultar tanto a leitura quanto a exe"
"hertz","Captura de ecr? 2025-12-09 191513.png","hertz","Reconhecer os momentos de alta volatilidade  essencial para ajustar sua estratgia e proteger seu capital. O Hertz  uma ferramenta valiosa para identificar essas condiges, ajudando voc a decidir quando"
"hertz","Captura de ecr? 2025-12-09 191516.png","fpleme;maps","DUVIDAS? E s6 entrar em contato com o nosso suporte, ele funciona de segunda a sexta das 9h as 18h. Os canals oficiais do nosso suporte so: WhatsApp: +55 16 99772 1929 E-mail: suporte@fpleme.com.br Es"
"hertz","Captura de ecr? 2025-12-09 191552.png","fpleme;hertz","HERTZ CONSIDERACOES FPLEME? "
"hertz","Captura de ecr? 2025-12-09 191557.png","hertz","O nmero do Hertz traz uma percepgo muito importante, que vai alm de simplesmente indicar qual Renko devemos utilizar. Essa informagao tambm  diretamente proporcional a volatilidade do mercado. Mas o q"
"hertz","Captura de ecr? 2025-12-09 191601.png","no_text","Anotando as frequncias no Indice Frequncia Macro: 31R Frequncia Conforto: 19R Frequncia Sniper: 12R Anotando as frequncias no S&P 500 Frequncia Macro: 33R Frequncia Conforto: 21R 27] Frequncia Sniper:"
"hertz","Captura de ecr? 2025-12-09 191605.png","hertz;stop","Anotando as frequncias no Nasdaq zw Frequncia Macro: 71R Frequncia Conforto: 44R cn Frequncia Sniper: 27R na O que  possivel notar comparando Dlar, ndice, S&P500 e NASDAQ, respectivamente?  possivel p"
"hertz","Captura de ecr? 2025-12-09 191610.png","hertz;stop","Quando se trata de mercado futuro (como Dlar, ndice, DI, SEP500, NASDAQ, Ouro, Gs ou moedas gerais listadas na CME), que possui um alto grau de alavancagem, operar qualquer ativo pode se tornar bastan"
"hertz","Captura de ecr? 2025-12-09 191615.png","no_text","Grfico 5min Grfico 1min =I Volatilidade alta significa movimentos repentinos e fora de uma cadncia previsivel. Esses movimentos podem dificultar tanto a leitura quanto a execuco de operages, tornando "
"hertz","Captura de ecr? 2025-12-09 191618.png","hertz","Reconhecer os momentos de alta volatilidade  essencial para ajustar sua estratgia e proteger seu capital. O Hertz  uma ferramenta valiosa para identificar essas condiges, ajudando voc a decidir quando"
"hertz","Captura de ecr? 2025-12-09 191638.png","fpleme;hertz","SEE Magno Albedo Fis -cvnkiar@gmalcom - CPF: 031.957 901-81 HERTZ: USABILIDADE Como vimos anteriormente, uma das funges do Hertz  converter o grfico temporal em grfico atemporal. Qual grfico temporal "
"hertz","Captura de ecr? 2025-12-09 191641.png","hertz","do grfico de 5 minutos para operages de Day Trade. Observago: As frequncias mais utilizadas no Day Trade so a Frequncia de Conforto e a Frequncia Sniper. Exemplo: ndice (INDFUT) no grfico de 5 minutos"
"hertz","Captura de ecr? 2025-12-09 191645.png","hertz","Imagem 1 Para operar, utilizamos o WINFUT, que  o contrato mini. Nesse caso, basta mudar o grfico para o WINFUT e inserir o nmero fornecido pelo Hertz. No exemplo acima, o nmero indicado  17R. (Imagem"
"hertz","Captura de ecr? 2025-12-09 191650.png","no_text","O grfico perptuo, aqueles com final FUT, era, inicialmente, utilizado apenas para estudos e anlises. Antigamente, nao era possivel operar diretamente por ele. Contudo, hoje, isso j  possivel. Para iss"
"hertz","Captura de ecr? 2025-12-09 191653.png","hertz","Imagem 3 Agora, o grafico est configurado na frequncia indicada, em Renko, e com o Cross Order ativado. Depois que o grfico j estiver ajustado para Renko, no h mais necessidade de consultar o Hertz no"
"hertz","Captura de ecr? 2025-12-09 191657.png","no_text","Observago: No mercado global, utilizando a plataforma Ninja Trader, no necessrio ativar a opgo Cross Order, pois essa funcionalidade j  configurada automaticamente. Assim, voc no ver o contrato FUT no"
"hertz","Captura de ecr? 2025-12-09 191702.png","fpleme;hertz","anteriores, assim como em um gratico perpetuo. ee Qual grfico temporal deve ser inserido no Hertz para obter o nmero adequado para o Swing Trade? Swing Trade refere-se a operages que se iniciam em um "
"hertz","Captura de ecr? 2025-12-09 191705.png","fpleme;hertz","Qual grfico temporal deve ser inserido no Hertz para obter o nmero adequado para o Buy and Hold? Buy and Hold  uma estratgia em que as operaces so inici dia e permanecem abertas por pelo menos 5 anos."
"hertz","Captura de ecr? 2025-12-09 191719.png","hertz","O Hertz  uma ferramenta que transforma o grfico temporal em um grfico atemporal. Isso facilita para a mquina probabilizar o mercado, pois os dados so contnuos e no esto limitados a uma barra temporal "
"hertz","Captura de ecr? 2025-12-09 191722.png","no_text","Observago: Existem varios grficos atemporais, mas por que utilizamos o Renko? Resposta: Dentro das posibilidades de grficos atemporais, utilizamos o grfico Renko porque ele possui apenas duas represen"
"hertz","Captura de ecr? 2025-12-09 191726.png","hertz","Voltando ao Hertz: alm das funcionalidades j citadas, ele tambm  utilizado para minimizar as lateralizages, chamadas de zperes, permitindo visualizar um grfico mais limpo e direcional. Por isso, no ut"
"hertz","Captura de ecr? 2025-12-09 191730.png","hertz","Hertz na plataforma Profit Hertz na plataforma Ninja Trader Observe que a ferramenta  composta por 3 linhas, uma superior, uma intermediria e uma inferior. Vamos agora entender cada uma delas e o que "
"hertz","Captura de ecr? 2025-12-09 191734.png","no_text","Compreendendo a Linha Intermedi: A linha intermediria, localizada entre as linhas superior e inferior,  chamada de Frequncia de Conforto. Essa frequncia representa a melhor tradugo do tempo grfico que"
"hertz","Captura de ecr? 2025-12-09 191738.png","stop;entry","Assim como na linha Intermediria, no final da linha Inferior h um nmero dentro de uma etiqueta. No exemplo da imagem, o numero apresentado  9. Este valor tambm muda conforme a movimentago do mercado. "
"hertz","Captura de ecr? 2025-12-09 191742.png","hertz","Dvida: O nmero do Hertz mudou enquanto eu estava em operago. O que fazer? Resposta: Nao h problema. Essa mudanga pontual no comprometer sua leitura, pois o Hertz possui uma tolerncia para essas variag"
